PICI_ID_allsets,PICI_ID,Host_ID,Host_strain,Host_Ref,Genomic_region
DEVU001.0321.00001.C001.PICI.TypeB.variant0001,DEVU001.0321.00001.C001.PICI.TypeB.variant0001.SetR1,DEVU001.0321.00001.C001,"Desulfovibrio vulgaris str. Hildenborough, complete sequence.",GCF_000195755.1,"(223208, 247002)"
DEVU001.0321.00001.C001.PICI.TypeB.variant0001,DEVU001.0321.00001.C001.PICI.TypeB.variant0001.SetR2,DEVU001.0321.00001.C001,"Desulfovibrio vulgaris str. Hildenborough, complete sequence.",GCF_000195755.1,"(2265579, 2293843)"
ESCO001.0321.00075.C001.PICI.TypeA,ESCO001.0321.00075.C001.PICI.TypeA.Set1,ESCO001.0321.00075.C001,"Escherichia coli strain FORC_028 chromosome, complete genome.",GCF_001721125.1,"(2637331, 2647110)"
ESCO001.0321.00075.C001.PICI.TypeA,ESCO001.0321.00075.C001.PICI.TypeA.Set3,ESCO001.0321.00075.C001,"Escherichia coli strain FORC_028 chromosome, complete genome.",GCF_001721125.1,"(1826142, 1834403)"
ESCO001.0321.00094.C001.PICI.TypeA,ESCO001.0321.00094.C001.PICI.TypeA.Set1,ESCO001.0321.00094.C001,"Escherichia coli strain 472 chromosome, complete genome.",GCF_001890245.1,"(1060554, 1069024)"
ESCO001.0321.00094.C001.PICI.TypeA,ESCO001.0321.00094.C001.PICI.TypeA.Set4,ESCO001.0321.00094.C001,"Escherichia coli strain 472 chromosome, complete genome.",GCF_001890245.1,"(2135951, 2145849)"
ESCO001.0321.00096.C001.PICI.TypeA,ESCO001.0321.00096.C001.PICI.TypeA.Set1,ESCO001.0321.00096.C001,"Escherichia coli strain 9000 chromosome, complete genome.",GCF_001890285.1,"(1058979, 1067387)"
ESCO001.0321.00096.C001.PICI.TypeA,ESCO001.0321.00096.C001.PICI.TypeA.Set2,ESCO001.0321.00096.C001,"Escherichia coli strain 9000 chromosome, complete genome.",GCF_001890285.1,"(1534702, 1544601)"
ESCO001.0321.00263.C001.PICI.TypeA,ESCO001.0321.00263.C001.PICI.TypeA.Set1,ESCO001.0321.00263.C001,"Escherichia coli strain CREC-629 chromosome, complete genome.",GCF_002787545.1,"(3767602, 3776896)"
ESCO001.0321.00263.C001.PICI.TypeA,ESCO001.0321.00263.C001.PICI.TypeA.Set3,ESCO001.0321.00263.C001,"Escherichia coli strain CREC-629 chromosome, complete genome.",GCF_002787545.1,"(3788572, 3797866)"
ESCO001.0321.00263.C001.PICI.TypeA,ESCO001.0321.00263.C001.PICI.TypeA.Set4,ESCO001.0321.00263.C001,"Escherichia coli strain CREC-629 chromosome, complete genome.",GCF_002787545.1,"(3799059, 3808353)"
ESCO001.0321.00263.C001.PICI.TypeA,ESCO001.0321.00263.C001.PICI.TypeA.Set5,ESCO001.0321.00263.C001,"Escherichia coli strain CREC-629 chromosome, complete genome.",GCF_002787545.1,"(3809546, 3818840)"
ESCO001.0321.00263.C001.PICI.TypeA,ESCO001.0321.00263.C001.PICI.TypeA.Set6,ESCO001.0321.00263.C001,"Escherichia coli strain CREC-629 chromosome, complete genome.",GCF_002787545.1,"(3820033, 3829327)"
ESCO001.0321.00357.C001.PICI.TypeA,ESCO001.0321.00357.C001.PICI.TypeA.Set1,ESCO001.0321.00357.C001,"Escherichia coli strain 2014C-3051 chromosome, complete genome.",GCF_003017915.1,"(854201, 863976)"
ESCO001.0321.00357.C001.PICI.TypeA,ESCO001.0321.00357.C001.PICI.TypeA.Set2,ESCO001.0321.00357.C001,"Escherichia coli strain 2014C-3051 chromosome, complete genome.",GCF_003017915.1,"(2059785, 2067973)"
ESCO001.0321.00361.C001.PICI.TypeA,ESCO001.0321.00361.C001.PICI.TypeA.Set2,ESCO001.0321.00361.C001,"Escherichia coli strain 2015C-4944 chromosome, complete genome.",GCF_003018035.1,"(1425321, 1435100)"
ESCO001.0321.00361.C001.PICI.TypeA,ESCO001.0321.00361.C001.PICI.TypeA.Set4,ESCO001.0321.00361.C001,"Escherichia coli strain 2015C-4944 chromosome, complete genome.",GCF_003018035.1,"(124794, 132983)"
ESCO001.0321.00362.C001.PICI.TypeA,ESCO001.0321.00362.C001.PICI.TypeA.Set1,ESCO001.0321.00362.C001,"Escherichia coli strain 2013C-3252 chromosome, complete genome.",GCF_003018055.1,"(368443, 378222)"
ESCO001.0321.00362.C001.PICI.TypeA,ESCO001.0321.00362.C001.PICI.TypeA.Set2,ESCO001.0321.00362.C001,"Escherichia coli strain 2013C-3252 chromosome, complete genome.",GCF_003018055.1,"(1524704, 1532893)"
ESCO001.0321.00367.C001.PICI.TypeA,ESCO001.0321.00367.C001.PICI.TypeA.Set1,ESCO001.0321.00367.C001,"Escherichia coli strain 2014C-3061 chromosome, complete genome.",GCF_003018155.1,"(2579937, 2588406)"
ESCO001.0321.00367.C001.PICI.TypeA,ESCO001.0321.00367.C001.PICI.TypeA.Set2,ESCO001.0321.00367.C001,"Escherichia coli strain 2014C-3061 chromosome, complete genome.",GCF_003018155.1,"(2191797, 2201573)"
ESCO001.0321.00369.C001.PICI.TypeA,ESCO001.0321.00369.C001.PICI.TypeA.Set1,ESCO001.0321.00369.C001,"Escherichia coli strain 2015C-3905 chromosome, complete genome.",GCF_003018215.1,"(1259662, 1269878)"
ESCO001.0321.00369.C001.PICI.TypeA,ESCO001.0321.00369.C001.PICI.TypeA.Set2,ESCO001.0321.00369.C001,"Escherichia coli strain 2015C-3905 chromosome, complete genome.",GCF_003018215.1,"(1756316, 1765777)"
ESCO001.0321.00378.C001.PICI.TypeA,ESCO001.0321.00378.C001.PICI.TypeA.Set3,ESCO001.0321.00378.C001,"Escherichia coli strain 97-3250 chromosome, complete genome.",GCF_003018455.1,"(3535250, 3545029)"
ESCO001.0321.00378.C001.PICI.TypeA,ESCO001.0321.00378.C001.PICI.TypeA.Set4,ESCO001.0321.00378.C001,"Escherichia coli strain 97-3250 chromosome, complete genome.",GCF_003018455.1,"(2053428, 2061687)"
ESCO001.0321.00388.C001.PICI.TypeA,ESCO001.0321.00388.C001.PICI.TypeA.Set3,ESCO001.0321.00388.C001,"Escherichia coli strain 2013C-3277 chromosome, complete genome.",GCF_003018715.1,"(683415, 693013)"
ESCO001.0321.00388.C001.PICI.TypeA,ESCO001.0321.00388.C001.PICI.TypeA.Set4,ESCO001.0321.00388.C001,"Escherichia coli strain 2013C-3277 chromosome, complete genome.",GCF_003018715.1,"(2006429, 2014687)"
ESCO001.0321.00389.C001.PICI.TypeA,ESCO001.0321.00389.C001.PICI.TypeA.Set1,ESCO001.0321.00389.C001,"Escherichia coli strain 2014C-4587 chromosome, complete genome.",GCF_003018755.1,"(2431021, 2441491)"
ESCO001.0321.00389.C001.PICI.TypeA,ESCO001.0321.00389.C001.PICI.TypeA.Set2,ESCO001.0321.00389.C001,"Escherichia coli strain 2014C-4587 chromosome, complete genome.",GCF_003018755.1,"(3204169, 3213725)"
ESCO001.0321.00391.C001.PICI.TypeA,ESCO001.0321.00391.C001.PICI.TypeA.Set2,ESCO001.0321.00391.C001,"Escherichia coli strain 2012C-4606 chromosome, complete genome.",GCF_003018795.1,"(1816730, 1824919)"
ESCO001.0321.00391.C001.PICI.TypeA,ESCO001.0321.00391.C001.PICI.TypeA.Set3,ESCO001.0321.00391.C001,"Escherichia coli strain 2012C-4606 chromosome, complete genome.",GCF_003018795.1,"(571704, 581482)"
ESCO001.0321.00406.C001.PICI.TypeA,ESCO001.0321.00406.C001.PICI.TypeA.Set2,ESCO001.0321.00406.C001,"Escherichia coli strain 2013C-4187 chromosome, complete genome.",GCF_003019175.1,"(2025914, 2034103)"
ESCO001.0321.00406.C001.PICI.TypeA,ESCO001.0321.00406.C001.PICI.TypeA.Set4,ESCO001.0321.00406.C001,"Escherichia coli strain 2013C-4187 chromosome, complete genome.",GCF_003019175.1,"(603395, 613118)"
ESCO001.0321.00513.C001.PICI.TypeA,ESCO001.0321.00513.C001.PICI.TypeA.Set1,ESCO001.0321.00513.C001,"Escherichia coli strain E2865 chromosome, complete genome.",GCF_003966465.1,"(1618943, 1628722)"
ESCO001.0321.00513.C001.PICI.TypeA,ESCO001.0321.00513.C001.PICI.TypeA.Set2,ESCO001.0321.00513.C001,"Escherichia coli strain E2865 chromosome, complete genome.",GCF_003966465.1,"(2985957, 2994147)"
ESCO001.0321.00542.C001.PICI.TypeA,ESCO001.0321.00542.C001.PICI.TypeA.Set1,ESCO001.0321.00542.C001,"Escherichia coli strain CFSAN027346 chromosome, complete genome.",GCF_004358365.1,"(491173, 500952)"
ESCO001.0321.00542.C001.PICI.TypeA,ESCO001.0321.00542.C001.PICI.TypeA.Set3,ESCO001.0321.00542.C001,"Escherichia coli strain CFSAN027346 chromosome, complete genome.",GCF_004358365.1,"(4753878, 4762068)"
ESCO001.0321.00543.C001.PICI.TypeA,ESCO001.0321.00543.C001.PICI.TypeA.Set1,ESCO001.0321.00543.C001,"Escherichia coli strain CFSAN027350 chromosome, complete genome.",GCF_004358385.1,"(4137884, 4146144)"
ESCO001.0321.00543.C001.PICI.TypeA,ESCO001.0321.00543.C001.PICI.TypeA.Set3,ESCO001.0321.00543.C001,"Escherichia coli strain CFSAN027350 chromosome, complete genome.",GCF_004358385.1,"(2805596, 2815194)"
ESCO001.0321.00653.C001.PICI.TypeA,ESCO001.0321.00653.C001.PICI.TypeA.Set2,ESCO001.0321.00653.C001,"Escherichia coli strain ERL06-2503 chromosome, complete genome.",GCF_008926125.1,"(3730204, 3738621)"
ESCO001.0321.00653.C001.PICI.TypeA,ESCO001.0321.00653.C001.PICI.TypeA.Set3,ESCO001.0321.00653.C001,"Escherichia coli strain ERL06-2503 chromosome, complete genome.",GCF_008926125.1,"(3190459, 3200358)"
ESCO001.0321.00655.C001.PICI.TypeA,ESCO001.0321.00655.C001.PICI.TypeA.Set1,ESCO001.0321.00655.C001,"Escherichia coli strain ERL06-2442 chromosome, complete genome.",GCF_008926165.1,"(3164092, 3173991)"
ESCO001.0321.00655.C001.PICI.TypeA,ESCO001.0321.00655.C001.PICI.TypeA.Set2,ESCO001.0321.00655.C001,"Escherichia coli strain ERL06-2442 chromosome, complete genome.",GCF_008926165.1,"(3700108, 3708070)"
ESCO001.0321.00659.C001.PICI.TypeA,ESCO001.0321.00659.C001.PICI.TypeA.Set2,ESCO001.0321.00659.C001,"Escherichia coli strain ERL03-1416 chromosome, complete genome.",GCF_008931185.1,"(3171014, 3180913)"
ESCO001.0321.00659.C001.PICI.TypeA,ESCO001.0321.00659.C001.PICI.TypeA.Set3,ESCO001.0321.00659.C001,"Escherichia coli strain ERL03-1416 chromosome, complete genome.",GCF_008931185.1,"(3610554, 3619025)"
ESCO001.0321.00669.C001.PICI.TypeA,ESCO001.0321.00669.C001.PICI.TypeA.Set2,ESCO001.0321.00669.C001,"Escherichia coli strain F1 E4 chromosome, complete genome.",GCF_009432215.1,"(1831406, 1839876)"
ESCO001.0321.00669.C001.PICI.TypeA,ESCO001.0321.00669.C001.PICI.TypeA.Set3,ESCO001.0321.00669.C001,"Escherichia coli strain F1 E4 chromosome, complete genome.",GCF_009432215.1,"(2310862, 2320749)"
ESCO001.0321.00673.C001.PICI.TypeA,ESCO001.0321.00673.C001.PICI.TypeA.Set2,ESCO001.0321.00673.C001,"Escherichia coli strain MA11 chromosome, complete genome.",GCF_009432915.1,"(1834926, 1843387)"
ESCO001.0321.00673.C001.PICI.TypeA,ESCO001.0321.00673.C001.PICI.TypeA.Set3,ESCO001.0321.00673.C001,"Escherichia coli strain MA11 chromosome, complete genome.",GCF_009432915.1,"(2309767, 2319663)"
ESCO001.0321.00674.C001.PICI.TypeA,ESCO001.0321.00674.C001.PICI.TypeA.Set1,ESCO001.0321.00674.C001,"Escherichia coli strain CV261 chromosome, complete genome.",GCF_009433135.1,"(2339508, 2349395)"
ESCO001.0321.00674.C001.PICI.TypeA,ESCO001.0321.00674.C001.PICI.TypeA.Set3,ESCO001.0321.00674.C001,"Escherichia coli strain CV261 chromosome, complete genome.",GCF_009433135.1,"(1868262, 1876721)"
ESCO001.0321.00768.C001.PICI.TypeA,ESCO001.0321.00768.C001.PICI.TypeA.Set1,ESCO001.0321.00768.C001,"Escherichia coli strain 8-3-DC15 chromosome, complete genome.",GCF_012221365.1,"(1967801, 1977033)"
ESCO001.0321.00768.C001.PICI.TypeA,ESCO001.0321.00768.C001.PICI.TypeA.Set2,ESCO001.0321.00768.C001,"Escherichia coli strain 8-3-DC15 chromosome, complete genome.",GCF_012221365.1,"(1043027, 1051955)"
ESCO001.0321.00769.C001.PICI.TypeA,ESCO001.0321.00769.C001.PICI.TypeA.Set1,ESCO001.0321.00769.C001,"Escherichia coli strain 8-3-Ti3 chromosome, complete genome.",GCF_012221565.1,"(215423, 224655)"
ESCO001.0321.00769.C001.PICI.TypeA,ESCO001.0321.00769.C001.PICI.TypeA.Set2,ESCO001.0321.00769.C001,"Escherichia coli strain 8-3-Ti3 chromosome, complete genome.",GCF_012221565.1,"(4210304, 4219232)"
ESCO001.0321.00994.C001.PICI.TypeA,ESCO001.0321.00994.C001.PICI.TypeA.Set1,ESCO001.0321.00994.C001,"Escherichia coli strain FDAARGOS_946 chromosome, complete genome.",GCF_016026195.1,"(489428, 497330)"
ESCO001.0321.00994.C001.PICI.TypeA,ESCO001.0321.00994.C001.PICI.TypeA.Set2,ESCO001.0321.00994.C001,"Escherichia coli strain FDAARGOS_946 chromosome, complete genome.",GCF_016026195.1,"(4448166, 4458066)"
ESCO001.0321.01009.C001.PICI.TypeA,ESCO001.0321.01009.C001.PICI.TypeA.Set1,ESCO001.0321.01009.C001,"Escherichia coli strain U90 chromosome, complete genome.",GCF_016696665.1,"(1295180, 1304593)"
ESCO001.0321.01009.C001.PICI.TypeA,ESCO001.0321.01009.C001.PICI.TypeA.Set6,ESCO001.0321.01009.C001,"Escherichia coli strain U90 chromosome, complete genome.",GCF_016696665.1,"(3372779, 3382079)"
ESCO001.0321.01066.C001.PICI.TypeA,ESCO001.0321.01066.C001.PICI.TypeA.Set1,ESCO001.0321.01066.C001,"Escherichia coli strain FDAARGOS_1258 chromosome, complete genome.",GCF_016889325.1,"(2120591, 2129827)"
ESCO001.0321.01066.C001.PICI.TypeA,ESCO001.0321.01066.C001.PICI.TypeA.Set2,ESCO001.0321.01066.C001,"Escherichia coli strain FDAARGOS_1258 chromosome, complete genome.",GCF_016889325.1,"(4701619, 4710544)"
ESCO001.0321.01169.C001.PICI.TypeA,ESCO001.0321.01169.C001.PICI.TypeA.Set1,ESCO001.0321.01169.C001,"Escherichia coli strain NCTC9112 chromosome 1, complete sequence.",GCF_900635185.1,"(3136814, 3146358)"
ESCO001.0321.01169.C001.PICI.TypeA,ESCO001.0321.01169.C001.PICI.TypeA.Set2,ESCO001.0321.01169.C001,"Escherichia coli strain NCTC9112 chromosome 1, complete sequence.",GCF_900635185.1,"(1794434, 1803893)"
ESCO001.0321.01269.C001.PICI.TypeA,ESCO001.0321.01269.C001.PICI.TypeA.Set3,ESCO001.0321.01269.C001,"Escherichia coli O157:H7 strain FRIK2069 chromosome, complete genome.",GCF_001651925.2,"(1629348, 1639235)"
ESCO001.0321.01269.C001.PICI.TypeA,ESCO001.0321.01269.C001.PICI.TypeA.Set4,ESCO001.0321.01269.C001,"Escherichia coli O157:H7 strain FRIK2069 chromosome, complete genome.",GCF_001651925.2,"(1077175, 1085583)"
ESCO001.0321.01270.C001.PICI.TypeA,ESCO001.0321.01270.C001.PICI.TypeA.Set1,ESCO001.0321.01270.C001,"Escherichia coli O157:H7 strain FRIK2533 chromosome, complete genome.",GCF_001651945.2,"(1077179, 1085587)"
ESCO001.0321.01270.C001.PICI.TypeA,ESCO001.0321.01270.C001.PICI.TypeA.Set3,ESCO001.0321.01270.C001,"Escherichia coli O157:H7 strain FRIK2533 chromosome, complete genome.",GCF_001651945.2,"(1629337, 1639224)"
ESCO001.0321.01271.C001.PICI.TypeA,ESCO001.0321.01271.C001.PICI.TypeA.Set2,ESCO001.0321.01271.C001,"Escherichia coli O157:H7 strain FRIK2455 chromosome, complete genome.",GCF_001651965.2,"(1629355, 1639242)"
ESCO001.0321.01271.C001.PICI.TypeA,ESCO001.0321.01271.C001.PICI.TypeA.Set3,ESCO001.0321.01271.C001,"Escherichia coli O157:H7 strain FRIK2455 chromosome, complete genome.",GCF_001651965.2,"(1077187, 1085594)"
ESCO001.0321.01281.C001.PICI.TypeA,ESCO001.0321.01281.C001.PICI.TypeA.Set1,ESCO001.0321.01281.C001,"Escherichia coli O157:H7 strain PV15-279 chromosome, complete genome.",GCF_003966795.1,"(1031452, 1039286)"
ESCO001.0321.01281.C001.PICI.TypeA,ESCO001.0321.01281.C001.PICI.TypeA.SetR1,ESCO001.0321.01281.C001,"Escherichia coli O157:H7 strain PV15-279 chromosome, complete genome.",GCF_003966795.1,"(1479987, 1489886)"
ESCO001.0321.01292.C001.PICI.TypeA,ESCO001.0321.01292.C001.PICI.TypeA.Set2,ESCO001.0321.01292.C001,"Escherichia coli O157:H7 strain TX 376-2 chromosome, complete genome.",GCF_013167175.1,"(3146939, 3156838)"
ESCO001.0321.01292.C001.PICI.TypeA,ESCO001.0321.01292.C001.PICI.TypeA.Set3,ESCO001.0321.01292.C001,"Escherichia coli O157:H7 strain TX 376-2 chromosome, complete genome.",GCF_013167175.1,"(3626502, 3634971)"
ESCO001.0321.01297.C001.PICI.TypeA,ESCO001.0321.01297.C001.PICI.TypeA.Set1,ESCO001.0321.01297.C001,"Escherichia coli O157:H7 strain SS TX 313-1 chromosome, complete genome.",GCF_013167295.1,"(3246279, 3256178)"
ESCO001.0321.01297.C001.PICI.TypeA,ESCO001.0321.01297.C001.PICI.TypeA.Set4,ESCO001.0321.01297.C001,"Escherichia coli O157:H7 strain SS TX 313-1 chromosome, complete genome.",GCF_013167295.1,"(3802078, 3810095)"
ESCO001.0321.01305.C001.PICI.TypeA,ESCO001.0321.01305.C001.PICI.TypeA.Set1,ESCO001.0321.01305.C001,"Escherichia coli O157:H7 strain NE 1092-2 chromosome, complete genome.",GCF_013167455.1,"(1781181, 1789633)"
ESCO001.0321.01305.C001.PICI.TypeA,ESCO001.0321.01305.C001.PICI.TypeA.Set2,ESCO001.0321.01305.C001,"Escherichia coli O157:H7 strain NE 1092-2 chromosome, complete genome.",GCF_013167455.1,"(3246638, 3256537)"
ESCO001.0321.01327.C001.PICI.TypeA,ESCO001.0321.01327.C001.PICI.TypeA.Set1,ESCO001.0321.01327.C001,"Escherichia coli O157:H7 strain DEC5A chromosome, complete genome.",GCF_013168015.1,"(1782405, 1790307)"
ESCO001.0321.01327.C001.PICI.TypeA,ESCO001.0321.01327.C001.PICI.TypeA.Set2,ESCO001.0321.01327.C001,"Escherichia coli O157:H7 strain DEC5A chromosome, complete genome.",GCF_013168015.1,"(3134308, 3144208)"
ESCO001.0321.01340.C001.PICI.TypeA,ESCO001.0321.01340.C001.PICI.TypeA.Set1,ESCO001.0321.01340.C001,"Escherichia coli O157:H7 strain MB41-1 chromosome, complete genome.",GCF_013343595.1,"(3689254, 3697714)"
ESCO001.0321.01340.C001.PICI.TypeA,ESCO001.0321.01340.C001.PICI.TypeA.Set2,ESCO001.0321.01340.C001,"Escherichia coli O157:H7 strain MB41-1 chromosome, complete genome.",GCF_013343595.1,"(3209858, 3219757)"
ESCO001.0321.01359.C001.PICI.TypeA,ESCO001.0321.01359.C001.PICI.TypeA.Set1,ESCO001.0321.01359.C001,"Escherichia coli O157:H7 strain Z1814 chromosome, complete genome.",GCF_017164975.1,"(3222183, 3232081)"
ESCO001.0321.01359.C001.PICI.TypeA,ESCO001.0321.01359.C001.PICI.TypeA.Set2,ESCO001.0321.01359.C001,"Escherichia coli O157:H7 strain Z1814 chromosome, complete genome.",GCF_017164975.1,"(3698972, 3707431)"
ESCO001.0321.01362.C001.PICI.TypeA,ESCO001.0321.01362.C001.PICI.TypeA.Set2,ESCO001.0321.01362.C001,"Escherichia coli O157:H7 strain Z1811 chromosome, complete genome.",GCF_017165035.1,"(3691924, 3700391)"
ESCO001.0321.01362.C001.PICI.TypeA,ESCO001.0321.01362.C001.PICI.TypeA.Set3,ESCO001.0321.01362.C001,"Escherichia coli O157:H7 strain Z1811 chromosome, complete genome.",GCF_017165035.1,"(3215905, 3225804)"
ESCO001.0321.01363.C001.PICI.TypeA,ESCO001.0321.01363.C001.PICI.TypeA.Set1,ESCO001.0321.01363.C001,"Escherichia coli O157:H7 strain Z1769 chromosome, complete genome.",GCF_017165055.1,"(3694429, 3702837)"
ESCO001.0321.01363.C001.PICI.TypeA,ESCO001.0321.01363.C001.PICI.TypeA.Set3,ESCO001.0321.01363.C001,"Escherichia coli O157:H7 strain Z1769 chromosome, complete genome.",GCF_017165055.1,"(3217216, 3227115)"
ESCO001.0321.01364.C001.PICI.TypeA,ESCO001.0321.01364.C001.PICI.TypeA.Set1,ESCO001.0321.01364.C001,"Escherichia coli O157:H7 strain Z1768 chromosome, complete genome.",GCF_017165075.1,"(3694433, 3702841)"
ESCO001.0321.01364.C001.PICI.TypeA,ESCO001.0321.01364.C001.PICI.TypeA.Set3,ESCO001.0321.01364.C001,"Escherichia coli O157:H7 strain Z1768 chromosome, complete genome.",GCF_017165075.1,"(3217219, 3227118)"
ESCO001.0321.01365.C001.PICI.TypeA,ESCO001.0321.01365.C001.PICI.TypeA.Set1,ESCO001.0321.01365.C001,"Escherichia coli O157:H7 strain Z1767 chromosome, complete genome.",GCF_017165095.1,"(2092216, 2102115)"
ESCO001.0321.01365.C001.PICI.TypeA,ESCO001.0321.01365.C001.PICI.TypeA.Set2,ESCO001.0321.01365.C001,"Escherichia coli O157:H7 strain Z1767 chromosome, complete genome.",GCF_017165095.1,"(3694406, 3702813)"
ESCO001.0321.01366.C001.PICI.TypeA,ESCO001.0321.01366.C001.PICI.TypeA.Set1,ESCO001.0321.01366.C001,"Escherichia coli O157:H7 strain Z1723 chromosome, complete genome.",GCF_017165115.1,"(2092230, 2102129)"
ESCO001.0321.01366.C001.PICI.TypeA,ESCO001.0321.01366.C001.PICI.TypeA.Set3,ESCO001.0321.01366.C001,"Escherichia coli O157:H7 strain Z1723 chromosome, complete genome.",GCF_017165115.1,"(3907654, 3916062)"
ESCO001.0321.01366.C001.PICI.TypeA,ESCO001.0321.01366.C001.PICI.TypeA.Set4,ESCO001.0321.01366.C001,"Escherichia coli O157:H7 strain Z1723 chromosome, complete genome.",GCF_017165115.1,"(3430442, 3440341)"
ESCO001.0321.01367.C001.PICI.TypeA,ESCO001.0321.01367.C001.PICI.TypeA.Set1,ESCO001.0321.01367.C001,"Escherichia coli O157:H7 strain Z1766 chromosome, complete genome.",GCF_017165135.1,"(3694434, 3702842)"
ESCO001.0321.01367.C001.PICI.TypeA,ESCO001.0321.01367.C001.PICI.TypeA.Set3,ESCO001.0321.01367.C001,"Escherichia coli O157:H7 strain Z1766 chromosome, complete genome.",GCF_017165135.1,"(3217220, 3227119)"
ESCO001.0321.01369.C001.PICI.TypeA,ESCO001.0321.01369.C001.PICI.TypeA.Set2,ESCO001.0321.01369.C001,"Escherichia coli O157:H7 strain Z1615 chromosome, complete genome.",GCF_017165215.1,"(2485578, 2495477)"
ESCO001.0321.01369.C001.PICI.TypeA,ESCO001.0321.01369.C001.PICI.TypeA.Set3,ESCO001.0321.01369.C001,"Escherichia coli O157:H7 strain Z1615 chromosome, complete genome.",GCF_017165215.1,"(3696867, 3705274)"
ESCO001.0321.01436.C001.PICI.TypeA,ESCO001.0321.01436.C001.PICI.TypeA.Set2,ESCO001.0321.01436.C001,"Escherichia coli O26:H11 str. 11368, complete sequence.",GCF_000091005.1,"(3041748, 3049938)"
ESCO001.0321.01436.C001.PICI.TypeA,ESCO001.0321.01436.C001.PICI.TypeA.Set4,ESCO001.0321.01436.C001,"Escherichia coli O26:H11 str. 11368, complete sequence.",GCF_000091005.1,"(1619628, 1629414)"
ESCO001.0321.01482.C001.PICI.TypeA,ESCO001.0321.01482.C001.PICI.TypeA.Set1,ESCO001.0321.01482.C001,"Escherichia coli O157 strain 644-PT8, complete genome.",GCF_001650295.1,"(3475888, 3485787)"
ESCO001.0321.01482.C001.PICI.TypeA,ESCO001.0321.01482.C001.PICI.TypeA.Set2,ESCO001.0321.01482.C001,"Escherichia coli O157 strain 644-PT8, complete genome.",GCF_001650295.1,"(2674204, 2684103)"
ESCO001.0321.01488.C001.PICI.TypeA,ESCO001.0321.01488.C001.PICI.TypeA.Set1,ESCO001.0321.01488.C001,"Escherichia coli O157 strain AR-0427 chromosome, complete genome.",GCF_008727195.1,"(5285694, 5295593)"
ESCO001.0321.01488.C001.PICI.TypeA,ESCO001.0321.01488.C001.PICI.TypeA.Set5,ESCO001.0321.01488.C001,"Escherichia coli O157 strain AR-0427 chromosome, complete genome.",GCF_008727195.1,"(4798373, 4806305)"
ESCO001.0321.01491.C001.PICI.TypeA,ESCO001.0321.01491.C001.PICI.TypeA.Set1,ESCO001.0321.01491.C001,"Escherichia coli O26 str. RM8426 chromosome, complete genome.",GCF_003112185.1,"(1623369, 1633147)"
ESCO001.0321.01491.C001.PICI.TypeA,ESCO001.0321.01491.C001.PICI.TypeA.Set3,ESCO001.0321.01491.C001,"Escherichia coli O26 str. RM8426 chromosome, complete genome.",GCF_003112185.1,"(3009193, 3017381)"
ESCO001.0321.01492.C001.PICI.TypeA,ESCO001.0321.01492.C001.PICI.TypeA.Set1,ESCO001.0321.01492.C001,"Escherichia coli O26 str. RM10386 chromosome, complete genome.",GCF_003112225.1,"(1672486, 1682264)"
ESCO001.0321.01492.C001.PICI.TypeA,ESCO001.0321.01492.C001.PICI.TypeA.Set2,ESCO001.0321.01492.C001,"Escherichia coli O26 str. RM10386 chromosome, complete genome.",GCF_003112225.1,"(3063066, 3071256)"
ESCO001.0321.01530.C001.PICI.TypeA,ESCO001.0321.01530.C001.PICI.TypeA.Set1,ESCO001.0321.01530.C001,"Escherichia coli O157:H7 str. F8092B chromosome, complete genome.",GCF_013167655.1,"(3167781, 3177668)"
ESCO001.0321.01530.C001.PICI.TypeA,ESCO001.0321.01530.C001.PICI.TypeA.Set3,ESCO001.0321.01530.C001,"Escherichia coli O157:H7 str. F8092B chromosome, complete genome.",GCF_013167655.1,"(3678515, 3686984)"
GOPH001.0321.00001.C001.PICI.TypeB.variant0001,GOPH001.0321.00001.C001.PICI.TypeB.variant0001.Set1,GOPH001.0321.00001.C001,"Gordonia phthalatica strain QH-11 chromosome, complete genome.",GCF_001305675.1,"(3572243, 3582296)"
GOPH001.0321.00001.C001.PICI.TypeB.variant0001,GOPH001.0321.00001.C001.PICI.TypeB.variant0001.Set2,GOPH001.0321.00001.C001,"Gordonia phthalatica strain QH-11 chromosome, complete genome.",GCF_001305675.1,"(2022643, 2031874)"
MYFO001.0321.00001.C001.PICI.TypeB.variant0001,MYFO001.0321.00001.C001.PICI.TypeB.variant0001.Set1,MYFO001.0321.00001.C001,"Mycolicibacterium fortuitum strain CT6 chromosome, complete genome.",GCF_001307545.1,"(1134279, 1142454)"
MYFO001.0321.00001.C001.PICI.TypeB.variant0001,MYFO001.0321.00001.C001.PICI.TypeB.variant0001.Set2,MYFO001.0321.00001.C001,"Mycolicibacterium fortuitum strain CT6 chromosome, complete genome.",GCF_001307545.1,"(3167659, 3177402)"
MYPA001.0321.00005.C001.PICI.TypeB.variant0001,MYPA001.0321.00005.C001.PICI.TypeB.variant0001.Set1,MYPA001.0321.00005.C001,"Mycobacterium paraintracellulare strain M019 chromosome, complete genome.",GCF_016756015.1,"(3293517, 3303240)"
MYPA001.0321.00005.C001.PICI.TypeB.variant0001,MYPA001.0321.00005.C001.PICI.TypeB.variant0001.Set3,MYPA001.0321.00005.C001,"Mycobacterium paraintracellulare strain M019 chromosome, complete genome.",GCF_016756015.1,"(3834528, 3839694)"
SHBO001.0321.00008.C001.PICI.TypeB.variant0001,SHBO001.0321.00008.C001.PICI.TypeB.variant0001.Set1,SHBO001.0321.00008.C001,"Shigella boydii strain 602068 chromosome, complete genome.",GCF_013394555.1,"(2832747, 2840966)"
SHBO001.0321.00008.C001.PICI.TypeB.variant0001,SHBO001.0321.00008.C001.PICI.TypeB.variant0001.Set2,SHBO001.0321.00008.C001,"Shigella boydii strain 602068 chromosome, complete genome.",GCF_013394555.1,"(2526521, 2535055)"
STAU002.0321.00007.C001.PICI.TypeB.variant0002,STAU002.0321.00007.C001.PICI.TypeB.variant0002.Set1,STAU002.0321.00007.C001,"Staphylococcus aureus subsp. aureus strain ATCC 25923 chromosome, complete genome.",GCF_000756205.1,"(360983, 371823)"
STAU002.0321.00007.C001.PICI.TypeB.variant0002,STAU002.0321.00007.C001.PICI.TypeB.variant0002.Set2,STAU002.0321.00007.C001,"Staphylococcus aureus subsp. aureus strain ATCC 25923 chromosome, complete genome.",GCF_000756205.1,"(2043481, 2054340)"
STAU002.0321.00036.C001.PICI.TypeB.variant0002,STAU002.0321.00036.C001.PICI.TypeB.variant0002.Set1,STAU002.0321.00036.C001,"Staphylococcus aureus strain FDAARGOS_25 chromosome, complete genome.",GCF_001019435.2,"(1403340, 1413490)"
STAU002.0321.00036.C001.PICI.TypeB.variant0002,STAU002.0321.00036.C001.PICI.TypeB.variant0002.Set3,STAU002.0321.00036.C001,"Staphylococcus aureus strain FDAARGOS_25 chromosome, complete genome.",GCF_001019435.2,"(2673216, 2683553)"
STAU002.0321.00038.C001.PICI.TypeB.variant0002,STAU002.0321.00038.C001.PICI.TypeB.variant0002.Set1,STAU002.0321.00038.C001,"Staphylococcus aureus strain FDAARGOS_40 chromosome, complete genome.",GCF_001019495.2,"(1934419, 1944756)"
STAU002.0321.00038.C001.PICI.TypeB.variant0002,STAU002.0321.00038.C001.PICI.TypeB.variant0002.Set3,STAU002.0321.00038.C001,"Staphylococcus aureus strain FDAARGOS_40 chromosome, complete genome.",GCF_001019495.2,"(325978, 336128)"
STAU002.0321.00050.C001.PICI.TypeB.variant0002,STAU002.0321.00050.C001.PICI.TypeB.variant0002.Set1,STAU002.0321.00050.C001,"Staphylococcus aureus strain HOU1444-VR chromosome, complete genome.",GCF_001278745.1,"(401962, 412834)"
STAU002.0321.00050.C001.PICI.TypeB.variant0002,STAU002.0321.00050.C001.PICI.TypeB.variant0002.Set3,STAU002.0321.00050.C001,"Staphylococcus aureus strain HOU1444-VR chromosome, complete genome.",GCF_001278745.1,"(2060396, 2070804)"
STAU002.0321.00054.C001.PICI.TypeB.variant0002,STAU002.0321.00054.C001.PICI.TypeB.variant0002.Set1,STAU002.0321.00054.C001,"Staphylococcus aureus subsp. aureus strain JS395, complete sequence.",GCF_001307235.1,"(555447, 569192)"
STAU002.0321.00054.C001.PICI.TypeB.variant0002,STAU002.0321.00054.C001.PICI.TypeB.variant0002.Set2,STAU002.0321.00054.C001,"Staphylococcus aureus subsp. aureus strain JS395, complete sequence.",GCF_001307235.1,"(2232487, 2242534)"
STAU002.0321.00081.C001.PICI.TypeB.variant0002,STAU002.0321.00081.C001.PICI.TypeB.variant0002.Set2,STAU002.0321.00081.C001,"Staphylococcus aureus strain ZJ5499 chromosome, complete genome.",GCF_001640885.1,"(2113873, 2124210)"
STAU002.0321.00081.C001.PICI.TypeB.variant0002,STAU002.0321.00081.C001.PICI.TypeB.variant0002.Set3,STAU002.0321.00081.C001,"Staphylococcus aureus strain ZJ5499 chromosome, complete genome.",GCF_001640885.1,"(843568, 853718)"
STAU002.0321.00082.C001.PICI.TypeB.variant0002,STAU002.0321.00082.C001.PICI.TypeB.variant0002.Set1,STAU002.0321.00082.C001,"Staphylococcus aureus strain NCCP14558 isolate sequencing chromosome, complete genome.",GCF_001640905.1,"(2208277, 2218614)"
STAU002.0321.00082.C001.PICI.TypeB.variant0002,STAU002.0321.00082.C001.PICI.TypeB.variant0002.Set2,STAU002.0321.00082.C001,"Staphylococcus aureus strain NCCP14558 isolate sequencing chromosome, complete genome.",GCF_001640905.1,"(876227, 886377)"
STAU002.0321.00083.C001.PICI.TypeB.variant0002,STAU002.0321.00083.C001.PICI.TypeB.variant0002.Set1,STAU002.0321.00083.C001,"Staphylococcus aureus strain NCCP14562 isolate Sequencing chromosome, complete genome.",GCF_001640925.1,"(2168989, 2179326)"
STAU002.0321.00083.C001.PICI.TypeB.variant0002,STAU002.0321.00083.C001.PICI.TypeB.variant0002.Set2,STAU002.0321.00083.C001,"Staphylococcus aureus strain NCCP14562 isolate Sequencing chromosome, complete genome.",GCF_001640925.1,"(883579, 893729)"
STAU002.0321.00131.C001.PICI.TypeB.variant0002,STAU002.0321.00131.C001.PICI.TypeB.variant0002.Set1,STAU002.0321.00131.C001,"Staphylococcus aureus strain Seattle 1945 isolate G477 chromosome, complete genome.",GCF_002202075.1,"(360983, 371823)"
STAU002.0321.00131.C001.PICI.TypeB.variant0002,STAU002.0321.00131.C001.PICI.TypeB.variant0002.Set2,STAU002.0321.00131.C001,"Staphylococcus aureus strain Seattle 1945 isolate G477 chromosome, complete genome.",GCF_002202075.1,"(2043487, 2054346)"
STAU002.0321.00132.C001.PICI.TypeB.variant0002,STAU002.0321.00132.C001.PICI.TypeB.variant0002.Set1,STAU002.0321.00132.C001,"Staphylococcus aureus strain Seattle 1945 isolate G478 chromosome, complete genome.",GCF_002202095.1,"(360983, 371823)"
STAU002.0321.00132.C001.PICI.TypeB.variant0002,STAU002.0321.00132.C001.PICI.TypeB.variant0002.Set2,STAU002.0321.00132.C001,"Staphylococcus aureus strain Seattle 1945 isolate G478 chromosome, complete genome.",GCF_002202095.1,"(2043487, 2054346)"
STAU002.0321.00139.C001.PICI.TypeB.variant0002,STAU002.0321.00139.C001.PICI.TypeB.variant0002.Set2,STAU002.0321.00139.C001,"Staphylococcus aureus strain JH4899 chromosome, complete genome.",GCF_002356675.1,"(385407, 396158)"
STAU002.0321.00139.C001.PICI.TypeB.variant0002,STAU002.0321.00139.C001.PICI.TypeB.variant0002.Set3,STAU002.0321.00139.C001,"Staphylococcus aureus strain JH4899 chromosome, complete genome.",GCF_002356675.1,"(846038, 856008)"
STAU002.0321.00143.C001.PICI.TypeB.variant0002,STAU002.0321.00143.C001.PICI.TypeB.variant0002.Set2,STAU002.0321.00143.C001,"Staphylococcus aureus strain CFSAN007847 chromosome, complete genome.",GCF_002633785.1,"(2121487, 2132280)"
STAU002.0321.00143.C001.PICI.TypeB.variant0002,STAU002.0321.00143.C001.PICI.TypeB.variant0002.Set3,STAU002.0321.00143.C001,"Staphylococcus aureus strain CFSAN007847 chromosome, complete genome.",GCF_002633785.1,"(356715, 367576)"
STAU002.0321.00172.C001.PICI.TypeB.variant0002,STAU002.0321.00172.C001.PICI.TypeB.variant0002.Set1,STAU002.0321.00172.C001,"Staphylococcus aureus strain SVH7513 chromosome, complete genome.",GCF_003111725.1,"(424266, 435836)"
STAU002.0321.00172.C001.PICI.TypeB.variant0002,STAU002.0321.00172.C001.PICI.TypeB.variant0002.Set3,STAU002.0321.00172.C001,"Staphylococcus aureus strain SVH7513 chromosome, complete genome.",GCF_003111725.1,"(935299, 947978)"
STAU002.0321.00180.C001.PICI.TypeB.variant0002,STAU002.0321.00180.C001.PICI.TypeB.variant0002.Set2,STAU002.0321.00180.C001,"Staphylococcus aureus strain AR_0219 chromosome, complete genome.",GCF_003193705.1,"(2137777, 2148112)"
STAU002.0321.00180.C001.PICI.TypeB.variant0002,STAU002.0321.00180.C001.PICI.TypeB.variant0002.Set3,STAU002.0321.00180.C001,"Staphylococcus aureus strain AR_0219 chromosome, complete genome.",GCF_003193705.1,"(867939, 878083)"
STAU002.0321.00204.C001.PICI.TypeB.variant0002,STAU002.0321.00204.C001.PICI.TypeB.variant0002.Set1,STAU002.0321.00204.C001,"Staphylococcus aureus strain 187 chromosome, complete genome.",GCF_003354565.1,"(2440821, 2451521)"
STAU002.0321.00204.C001.PICI.TypeB.variant0002,STAU002.0321.00204.C001.PICI.TypeB.variant0002.Set2,STAU002.0321.00204.C001,"Staphylococcus aureus strain 187 chromosome, complete genome.",GCF_003354565.1,"(1986477, 1996559)"
STAU002.0321.00205.C001.PICI.TypeB.variant0002,STAU002.0321.00205.C001.PICI.TypeB.variant0002.Set1,STAU002.0321.00205.C001,"Staphylococcus aureus strain 629 chromosome, complete genome.",GCF_003354585.1,"(1986477, 1996559)"
STAU002.0321.00205.C001.PICI.TypeB.variant0002,STAU002.0321.00205.C001.PICI.TypeB.variant0002.Set2,STAU002.0321.00205.C001,"Staphylococcus aureus strain 629 chromosome, complete genome.",GCF_003354585.1,"(2440821, 2451521)"
STAU002.0321.00207.C001.PICI.TypeB.variant0002,STAU002.0321.00207.C001.PICI.TypeB.variant0002.Set1,STAU002.0321.00207.C001,"Staphylococcus aureus strain 468 chromosome, complete genome.",GCF_003354625.1,"(2079582, 2090365)"
STAU002.0321.00207.C001.PICI.TypeB.variant0002,STAU002.0321.00207.C001.PICI.TypeB.variant0002.Set2,STAU002.0321.00207.C001,"Staphylococcus aureus strain 468 chromosome, complete genome.",GCF_003354625.1,"(360480, 371342)"
STAU002.0321.00211.C001.PICI.TypeB.variant0002,STAU002.0321.00211.C001.PICI.TypeB.variant0002.Set1,STAU002.0321.00211.C001,"Staphylococcus aureus strain 61 chromosome, complete genome.",GCF_003354705.1,"(401087, 411787)"
STAU002.0321.00211.C001.PICI.TypeB.variant0002,STAU002.0321.00211.C001.PICI.TypeB.variant0002.Set2,STAU002.0321.00211.C001,"Staphylococcus aureus strain 61 chromosome, complete genome.",GCF_003354705.1,"(856049, 866131)"
STAU002.0321.00212.C001.PICI.TypeB.variant0002,STAU002.0321.00212.C001.PICI.TypeB.variant0002.Set1,STAU002.0321.00212.C001,"Staphylococcus aureus strain 143 chromosome, complete genome.",GCF_003354725.1,"(360481, 371343)"
STAU002.0321.00212.C001.PICI.TypeB.variant0002,STAU002.0321.00212.C001.PICI.TypeB.variant0002.Set2,STAU002.0321.00212.C001,"Staphylococcus aureus strain 143 chromosome, complete genome.",GCF_003354725.1,"(2079557, 2090340)"
STAU002.0321.00213.C001.PICI.TypeB.variant0002,STAU002.0321.00213.C001.PICI.TypeB.variant0002.Set1,STAU002.0321.00213.C001,"Staphylococcus aureus strain 466 chromosome, complete genome.",GCF_003354745.1,"(360480, 371342)"
STAU002.0321.00213.C001.PICI.TypeB.variant0002,STAU002.0321.00213.C001.PICI.TypeB.variant0002.Set2,STAU002.0321.00213.C001,"Staphylococcus aureus strain 466 chromosome, complete genome.",GCF_003354745.1,"(2079583, 2090366)"
STAU002.0321.00214.C001.PICI.TypeB.variant0002,STAU002.0321.00214.C001.PICI.TypeB.variant0002.Set1,STAU002.0321.00214.C001,"Staphylococcus aureus strain 191 chromosome, complete genome.",GCF_003354765.1,"(401087, 411787)"
STAU002.0321.00214.C001.PICI.TypeB.variant0002,STAU002.0321.00214.C001.PICI.TypeB.variant0002.Set2,STAU002.0321.00214.C001,"Staphylococcus aureus strain 191 chromosome, complete genome.",GCF_003354765.1,"(856050, 866132)"
STAU002.0321.00223.C001.PICI.TypeB.variant0002,STAU002.0321.00223.C001.PICI.TypeB.variant0002.Set1,STAU002.0321.00223.C001,"Staphylococcus aureus strain 628 chromosome, complete genome.",GCF_003354985.1,"(401060, 411760)"
STAU002.0321.00223.C001.PICI.TypeB.variant0002,STAU002.0321.00223.C001.PICI.TypeB.variant0002.Set2,STAU002.0321.00223.C001,"Staphylococcus aureus strain 628 chromosome, complete genome.",GCF_003354985.1,"(856022, 866104)"
STAU002.0321.00224.C001.PICI.TypeB.variant0002,STAU002.0321.00224.C001.PICI.TypeB.variant0002.Set1,STAU002.0321.00224.C001,"Staphylococcus aureus strain WCH-SK2 chromosome, complete genome.",GCF_003394105.1,"(2408872, 2419241)"
STAU002.0321.00224.C001.PICI.TypeB.variant0002,STAU002.0321.00224.C001.PICI.TypeB.variant0002.Set3,STAU002.0321.00224.C001,"Staphylococcus aureus strain WCH-SK2 chromosome, complete genome.",GCF_003394105.1,"(785651, 801677)"
STAU002.0321.00224.C001.PICI.TypeB.variant0002,STAU002.0321.00224.C001.PICI.TypeB.variant0002.Set4,STAU002.0321.00224.C001,"Staphylococcus aureus strain WCH-SK2 chromosome, complete genome.",GCF_003394105.1,"(2457982, 2470093)"
STAU002.0321.00251.C001.PICI.TypeB.variant0002,STAU002.0321.00251.C001.PICI.TypeB.variant0002.Set2,STAU002.0321.00251.C001,"Staphylococcus aureus strain TUM9458 chromosome, complete genome.",GCF_003945405.1,"(767112, 777449)"
STAU002.0321.00251.C001.PICI.TypeB.variant0002,STAU002.0321.00251.C001.PICI.TypeB.variant0002.Set3,STAU002.0321.00251.C001,"Staphylococcus aureus strain TUM9458 chromosome, complete genome.",GCF_003945405.1,"(2331620, 2341770)"
STAU002.0321.00252.C001.PICI.TypeB.variant0002,STAU002.0321.00252.C001.PICI.TypeB.variant0002.Set2,STAU002.0321.00252.C001,"Staphylococcus aureus strain TUM9463 chromosome, complete genome.",GCF_003945425.1,"(761529, 771866)"
STAU002.0321.00252.C001.PICI.TypeB.variant0002,STAU002.0321.00252.C001.PICI.TypeB.variant0002.Set3,STAU002.0321.00252.C001,"Staphylococcus aureus strain TUM9463 chromosome, complete genome.",GCF_003945425.1,"(2439716, 2449866)"
STAU002.0321.00287.C001.PICI.TypeB.variant0002,STAU002.0321.00287.C001.PICI.TypeB.variant0002.Set2,STAU002.0321.00287.C001,"Staphylococcus aureus strain JKD6004 chromosome, complete genome.",GCF_005890015.1,"(915674, 927785)"
STAU002.0321.00287.C001.PICI.TypeB.variant0002,STAU002.0321.00287.C001.PICI.TypeB.variant0002.Set3,STAU002.0321.00287.C001,"Staphylococcus aureus strain JKD6004 chromosome, complete genome.",GCF_005890015.1,"(866564, 876933)"
STAU002.0321.00293.C001.PICI.TypeB.variant0002,STAU002.0321.00293.C001.PICI.TypeB.variant0002.Set1,STAU002.0321.00293.C001,"Staphylococcus aureus strain aureus chromosome, complete genome.",GCF_006088835.1,"(898160, 908310)"
STAU002.0321.00293.C001.PICI.TypeB.variant0002,STAU002.0321.00293.C001.PICI.TypeB.variant0002.Set3,STAU002.0321.00293.C001,"Staphylococcus aureus strain aureus chromosome, complete genome.",GCF_006088835.1,"(2235357, 2245694)"
STAU002.0321.00299.C001.PICI.TypeB.variant0002,STAU002.0321.00299.C001.PICI.TypeB.variant0002.Set1,STAU002.0321.00299.C001,"Staphylococcus aureus strain JKD6004-DR chromosome, complete genome.",GCF_007410625.1,"(866564, 876933)"
STAU002.0321.00299.C001.PICI.TypeB.variant0002,STAU002.0321.00299.C001.PICI.TypeB.variant0002.Set2,STAU002.0321.00299.C001,"Staphylococcus aureus strain JKD6004-DR chromosome, complete genome.",GCF_007410625.1,"(915674, 927785)"
STAU002.0321.00303.C001.PICI.TypeB.variant0002,STAU002.0321.00303.C001.PICI.TypeB.variant0002.Set1,STAU002.0321.00303.C001,"Staphylococcus aureus strain B4-59C chromosome, complete genome.",GCF_007726525.1,"(443668, 454895)"
STAU002.0321.00303.C001.PICI.TypeB.variant0002,STAU002.0321.00303.C001.PICI.TypeB.variant0002.Set2,STAU002.0321.00303.C001,"Staphylococcus aureus strain B4-59C chromosome, complete genome.",GCF_007726525.1,"(914737, 926672)"
STAU002.0321.00305.C001.PICI.TypeB.variant0002,STAU002.0321.00305.C001.PICI.TypeB.variant0002.Set1,STAU002.0321.00305.C001,"Staphylococcus aureus strain B3-17D chromosome, complete genome.",GCF_007726565.1,"(1201785, 1213013)"
STAU002.0321.00305.C001.PICI.TypeB.variant0002,STAU002.0321.00305.C001.PICI.TypeB.variant0002.Set2,STAU002.0321.00305.C001,"Staphylococcus aureus strain B3-17D chromosome, complete genome.",GCF_007726565.1,"(1672867, 1684802)"
STAU002.0321.00316.C001.PICI.TypeB.variant0002,STAU002.0321.00316.C001.PICI.TypeB.variant0002.Set1,STAU002.0321.00316.C001,"Staphylococcus aureus strain VGC1 chromosome, complete genome.",GCF_008330045.1,"(863285, 875960)"
STAU002.0321.00316.C001.PICI.TypeB.variant0002,STAU002.0321.00316.C001.PICI.TypeB.variant0002.Set2,STAU002.0321.00316.C001,"Staphylococcus aureus strain VGC1 chromosome, complete genome.",GCF_008330045.1,"(2083494, 2093993)"
STAU002.0321.00321.C001.PICI.TypeB.variant0002,STAU002.0321.00321.C001.PICI.TypeB.variant0002.Set2,STAU002.0321.00321.C001,"Staphylococcus aureus strain KUH140013 chromosome, complete genome.",GCF_008619235.1,"(1642601, 1653344)"
STAU002.0321.00321.C001.PICI.TypeB.variant0002,STAU002.0321.00321.C001.PICI.TypeB.variant0002.Set3,STAU002.0321.00321.C001,"Staphylococcus aureus strain KUH140013 chromosome, complete genome.",GCF_008619235.1,"(1190837, 1200816)"
STAU002.0321.00329.C001.PICI.TypeB.variant0002,STAU002.0321.00329.C001.PICI.TypeB.variant0002.Set2,STAU002.0321.00329.C001,"Staphylococcus aureus strain KG-03 chromosome, complete genome.",GCF_009176765.1,"(2155057, 2165394)"
STAU002.0321.00329.C001.PICI.TypeB.variant0002,STAU002.0321.00329.C001.PICI.TypeB.variant0002.Set3,STAU002.0321.00329.C001,"Staphylococcus aureus strain KG-03 chromosome, complete genome.",GCF_009176765.1,"(847667, 857817)"
STAU002.0321.00330.C001.PICI.TypeB.variant0002,STAU002.0321.00330.C001.PICI.TypeB.variant0002.Set1,STAU002.0321.00330.C001,"Staphylococcus aureus strain KG-18 chromosome, complete genome.",GCF_009176785.1,"(852994, 863144)"
STAU002.0321.00330.C001.PICI.TypeB.variant0002,STAU002.0321.00330.C001.PICI.TypeB.variant0002.Set3,STAU002.0321.00330.C001,"Staphylococcus aureus strain KG-18 chromosome, complete genome.",GCF_009176785.1,"(2166200, 2176537)"
STAU002.0321.00331.C001.PICI.TypeB.variant0002,STAU002.0321.00331.C001.PICI.TypeB.variant0002.Set1,STAU002.0321.00331.C001,"Staphylococcus aureus strain KG-22 chromosome, complete genome.",GCF_009176875.1,"(851393, 861543)"
STAU002.0321.00331.C001.PICI.TypeB.variant0002,STAU002.0321.00331.C001.PICI.TypeB.variant0002.Set3,STAU002.0321.00331.C001,"Staphylococcus aureus strain KG-22 chromosome, complete genome.",GCF_009176875.1,"(2165549, 2175886)"
STAU002.0321.00334.C001.PICI.TypeB.variant0002,STAU002.0321.00334.C001.PICI.TypeB.variant0002.Set2,STAU002.0321.00334.C001,"Staphylococcus aureus strain ST20130944 chromosome, complete genome.",GCF_009728755.1,"(2162095, 2172888)"
STAU002.0321.00334.C001.PICI.TypeB.variant0002,STAU002.0321.00334.C001.PICI.TypeB.variant0002.Set3,STAU002.0321.00334.C001,"Staphylococcus aureus strain ST20130944 chromosome, complete genome.",GCF_009728755.1,"(357254, 368116)"
STAU002.0321.00335.C001.PICI.TypeB.variant0002,STAU002.0321.00335.C001.PICI.TypeB.variant0002.Set2,STAU002.0321.00335.C001,"Staphylococcus aureus strain ST20130945 chromosome, complete genome.",GCF_009728775.1,"(2120257, 2131050)"
STAU002.0321.00335.C001.PICI.TypeB.variant0002,STAU002.0321.00335.C001.PICI.TypeB.variant0002.Set3,STAU002.0321.00335.C001,"Staphylococcus aureus strain ST20130945 chromosome, complete genome.",GCF_009728775.1,"(357254, 368116)"
STAU002.0321.00350.C001.PICI.TypeB.variant0002,STAU002.0321.00350.C001.PICI.TypeB.variant0002.Set1,STAU002.0321.00350.C001,"Staphylococcus aureus strain RJ1267 chromosome, complete genome.",GCF_009857055.1,"(2543716, 2554324)"
STAU002.0321.00350.C001.PICI.TypeB.variant0002,STAU002.0321.00350.C001.PICI.TypeB.variant0002.Set2,STAU002.0321.00350.C001,"Staphylococcus aureus strain RJ1267 chromosome, complete genome.",GCF_009857055.1,"(2058317, 2068749)"
STAU002.0321.00350.C001.PICI.TypeB.variant0002,STAU002.0321.00350.C001.PICI.TypeB.variant0002.Set3,STAU002.0321.00350.C001,"Staphylococcus aureus strain RJ1267 chromosome, complete genome.",GCF_009857055.1,"(814594, 824891)"
STAU002.0321.00357.C001.PICI.TypeB.variant0002,STAU002.0321.00357.C001.PICI.TypeB.variant0002.Set1,STAU002.0321.00357.C001,"Staphylococcus aureus strain UP_1572 chromosome, complete genome.",GCF_009912035.1,"(2817672, 2828465)"
STAU002.0321.00357.C001.PICI.TypeB.variant0002,STAU002.0321.00357.C001.PICI.TypeB.variant0002.Set2,STAU002.0321.00357.C001,"Staphylococcus aureus strain UP_1572 chromosome, complete genome.",GCF_009912035.1,"(1725674, 1736430)"
STAU002.0321.00359.C001.PICI.TypeB.variant0002,STAU002.0321.00359.C001.PICI.TypeB.variant0002.Set1,STAU002.0321.00359.C001,"Staphylococcus aureus strain UP_1654 chromosome, complete genome.",GCF_009912075.1,"(2819187, 2829980)"
STAU002.0321.00359.C001.PICI.TypeB.variant0002,STAU002.0321.00359.C001.PICI.TypeB.variant0002.Set3,STAU002.0321.00359.C001,"Staphylococcus aureus strain UP_1654 chromosome, complete genome.",GCF_009912075.1,"(1725981, 1736842)"
STAU002.0321.00370.C001.PICI.TypeB.variant0002,STAU002.0321.00370.C001.PICI.TypeB.variant0002.Set1,STAU002.0321.00370.C001,"Staphylococcus aureus strain UP_1452 chromosome, complete genome.",GCF_009912435.1,"(2909070, 2919797)"
STAU002.0321.00370.C001.PICI.TypeB.variant0002,STAU002.0321.00370.C001.PICI.TypeB.variant0002.Set3,STAU002.0321.00370.C001,"Staphylococcus aureus strain UP_1452 chromosome, complete genome.",GCF_009912435.1,"(1815391, 1826253)"
STAU002.0321.00372.C001.PICI.TypeB.variant0002,STAU002.0321.00372.C001.PICI.TypeB.variant0002.Set1,STAU002.0321.00372.C001,"Staphylococcus aureus strain UP_1352 chromosome, complete genome.",GCF_009912475.1,"(68410, 79272)"
STAU002.0321.00372.C001.PICI.TypeB.variant0002,STAU002.0321.00372.C001.PICI.TypeB.variant0002.Set2,STAU002.0321.00372.C001,"Staphylococcus aureus strain UP_1352 chromosome, complete genome.",GCF_009912475.1,"(1839392, 1850184)"
STAU002.0321.00380.C001.PICI.TypeB.variant0002,STAU002.0321.00380.C001.PICI.TypeB.variant0002.Set1,STAU002.0321.00380.C001,"Staphylococcus aureus strain UP_764 chromosome, complete genome.",GCF_009912675.1,"(1687277, 1698139)"
STAU002.0321.00380.C001.PICI.TypeB.variant0002,STAU002.0321.00380.C001.PICI.TypeB.variant0002.Set2,STAU002.0321.00380.C001,"Staphylococcus aureus strain UP_764 chromosome, complete genome.",GCF_009912675.1,"(2777838, 2788631)"
STAU002.0321.00382.C001.PICI.TypeB.variant0002,STAU002.0321.00382.C001.PICI.TypeB.variant0002.Set2,STAU002.0321.00382.C001,"Staphylococcus aureus strain UP_818 chromosome, complete genome.",GCF_009912715.1,"(1834953, 1845746)"
STAU002.0321.00382.C001.PICI.TypeB.variant0002,STAU002.0321.00382.C001.PICI.TypeB.variant0002.Set3,STAU002.0321.00382.C001,"Staphylococcus aureus strain UP_818 chromosome, complete genome.",GCF_009912715.1,"(69603, 80465)"
STAU002.0321.00386.C001.PICI.TypeB.variant0002,STAU002.0321.00386.C001.PICI.TypeB.variant0002.Set1,STAU002.0321.00386.C001,"Staphylococcus aureus strain UP_248 chromosome, complete genome.",GCF_009912795.1,"(1796314, 1807176)"
STAU002.0321.00386.C001.PICI.TypeB.variant0002,STAU002.0321.00386.C001.PICI.TypeB.variant0002.Set2,STAU002.0321.00386.C001,"Staphylococcus aureus strain UP_248 chromosome, complete genome.",GCF_009912795.1,"(2892215, 2903008)"
STAU002.0321.00409.C001.PICI.TypeB.variant0002,STAU002.0321.00409.C001.PICI.TypeB.variant0002.Set1,STAU002.0321.00409.C001,"Staphylococcus aureus strain UP_1591 chromosome, complete genome.",GCF_009937785.1,"(2809163, 2819331)"
STAU002.0321.00409.C001.PICI.TypeB.variant0002,STAU002.0321.00409.C001.PICI.TypeB.variant0002.Set2,STAU002.0321.00409.C001,"Staphylococcus aureus strain UP_1591 chromosome, complete genome.",GCF_009937785.1,"(1193177, 1203453)"
STAU002.0321.00410.C001.PICI.TypeB.variant0002,STAU002.0321.00410.C001.PICI.TypeB.variant0002.Set2,STAU002.0321.00410.C001,"Staphylococcus aureus strain SR153 chromosome, complete genome.",GCF_010669265.1,"(2333735, 2343885)"
STAU002.0321.00410.C001.PICI.TypeB.variant0002,STAU002.0321.00410.C001.PICI.TypeB.variant0002.Set3,STAU002.0321.00410.C001,"Staphylococcus aureus strain SR153 chromosome, complete genome.",GCF_010669265.1,"(1109695, 1120031)"
STAU002.0321.00433.C001.PICI.TypeB.variant0002,STAU002.0321.00433.C001.PICI.TypeB.variant0002.Set1,STAU002.0321.00433.C001,"Staphylococcus aureus strain WKZ-1 chromosome, complete genome.",GCF_013467165.1,"(356791, 367550)"
STAU002.0321.00433.C001.PICI.TypeB.variant0002,STAU002.0321.00433.C001.PICI.TypeB.variant0002.Set3,STAU002.0321.00433.C001,"Staphylococcus aureus strain WKZ-1 chromosome, complete genome.",GCF_013467165.1,"(2119170, 2129963)"
STAU002.0321.00434.C001.PICI.TypeB.variant0002,STAU002.0321.00434.C001.PICI.TypeB.variant0002.Set1,STAU002.0321.00434.C001,"Staphylococcus aureus strain WKZ-2 chromosome, complete genome.",GCF_013467405.1,"(381039, 391798)"
STAU002.0321.00434.C001.PICI.TypeB.variant0002,STAU002.0321.00434.C001.PICI.TypeB.variant0002.Set3,STAU002.0321.00434.C001,"Staphylococcus aureus strain WKZ-2 chromosome, complete genome.",GCF_013467405.1,"(2143419, 2154212)"
STAU002.0321.00435.C001.PICI.TypeB.variant0002,STAU002.0321.00435.C001.PICI.TypeB.variant0002.Set1,STAU002.0321.00435.C001,"Staphylococcus aureus strain 110900 chromosome, complete genome.",GCF_013836525.1,"(860117, 870414)"
STAU002.0321.00435.C001.PICI.TypeB.variant0002,STAU002.0321.00435.C001.PICI.TypeB.variant0002.Set2,STAU002.0321.00435.C001,"Staphylococcus aureus strain 110900 chromosome, complete genome.",GCF_013836525.1,"(2101883, 2112316)"
STAU002.0321.00435.C001.PICI.TypeB.variant0002,STAU002.0321.00435.C001.PICI.TypeB.variant0002.Set3,STAU002.0321.00435.C001,"Staphylococcus aureus strain 110900 chromosome, complete genome.",GCF_013836525.1,"(2547871, 2558479)"
STAU002.0321.00436.C001.PICI.TypeB.variant0002,STAU002.0321.00436.C001.PICI.TypeB.variant0002.Set1,STAU002.0321.00436.C001,"Staphylococcus aureus strain 128254 chromosome, complete genome.",GCF_013836745.1,"(2522871, 2533479)"
STAU002.0321.00436.C001.PICI.TypeB.variant0002,STAU002.0321.00436.C001.PICI.TypeB.variant0002.Set2,STAU002.0321.00436.C001,"Staphylococcus aureus strain 128254 chromosome, complete genome.",GCF_013836745.1,"(830433, 840730)"
STAU002.0321.00436.C001.PICI.TypeB.variant0002,STAU002.0321.00436.C001.PICI.TypeB.variant0002.Set3,STAU002.0321.00436.C001,"Staphylococcus aureus strain 128254 chromosome, complete genome.",GCF_013836745.1,"(2035576, 2046009)"
STAU002.0321.00441.C001.PICI.TypeB.variant0002,STAU002.0321.00441.C001.PICI.TypeB.variant0002.Set1,STAU002.0321.00441.C001,"Staphylococcus aureus strain WH52 chromosome, complete genome.",GCF_015244035.1,"(826932, 837230)"
STAU002.0321.00441.C001.PICI.TypeB.variant0002,STAU002.0321.00441.C001.PICI.TypeB.variant0002.Set2,STAU002.0321.00441.C001,"Staphylococcus aureus strain WH52 chromosome, complete genome.",GCF_015244035.1,"(2501020, 2511491)"
STAU002.0321.00450.C001.PICI.TypeB.variant0002,STAU002.0321.00450.C001.PICI.TypeB.variant0002.Set3,STAU002.0321.00450.C001,"Staphylococcus aureus strain ncr_155_F133 chromosome, complete genome.",GCF_016413705.1,"(366208, 377262)"
STAU002.0321.00450.C001.PICI.TypeB.variant0002,STAU002.0321.00450.C001.PICI.TypeB.variant0002.Set4,STAU002.0321.00450.C001,"Staphylococcus aureus strain ncr_155_F133 chromosome, complete genome.",GCF_016413705.1,"(836953, 847166)"
STAU002.0321.00451.C001.PICI.TypeB.variant0002,STAU002.0321.00451.C001.PICI.TypeB.variant0002.Set1,STAU002.0321.00451.C001,"Staphylococcus aureus strain nan_175_F371_ch chromosome, complete genome.",GCF_016413725.1,"(821419, 831632)"
STAU002.0321.00451.C001.PICI.TypeB.variant0002,STAU002.0321.00451.C001.PICI.TypeB.variant0002.Set2,STAU002.0321.00451.C001,"Staphylococcus aureus strain nan_175_F371_ch chromosome, complete genome.",GCF_016413725.1,"(364459, 375345)"
STAU002.0321.00452.C001.PICI.TypeB.variant0002,STAU002.0321.00452.C001.PICI.TypeB.variant0002.Set1,STAU002.0321.00452.C001,"Staphylococcus aureus strain WH39 chromosome, complete genome.",GCF_016496025.1,"(2527384, 2537992)"
STAU002.0321.00452.C001.PICI.TypeB.variant0002,STAU002.0321.00452.C001.PICI.TypeB.variant0002.Set2,STAU002.0321.00452.C001,"Staphylococcus aureus strain WH39 chromosome, complete genome.",GCF_016496025.1,"(860292, 870589)"
STAU002.0321.00492.C001.PICI.TypeB.variant0002,STAU002.0321.00492.C001.PICI.TypeB.variant0002.Set1,STAU002.0321.00492.C001,"Staphylococcus aureus strain NCTC13394 chromosome 1, complete sequence.",GCF_900474525.1,"(412830, 423526)"
STAU002.0321.00492.C001.PICI.TypeB.variant0002,STAU002.0321.00492.C001.PICI.TypeB.variant0002.Set2,STAU002.0321.00492.C001,"Staphylococcus aureus strain NCTC13394 chromosome 1, complete sequence.",GCF_900474525.1,"(2184038, 2194537)"
STAU002.0321.00506.C001.PICI.TypeB.variant0002,STAU002.0321.00506.C001.PICI.TypeB.variant0002.Set2,STAU002.0321.00506.C001,Staphylococcus aureus strain JKD6009 isolate JKD6009 chromosome 1.,GCF_900607245.1,"(392170, 402695)"
STAU002.0321.00506.C001.PICI.TypeB.variant0002,STAU002.0321.00506.C001.PICI.TypeB.variant0002.Set3,STAU002.0321.00506.C001,Staphylococcus aureus strain JKD6009 isolate JKD6009 chromosome 1.,GCF_900607245.1,"(904975, 917086)"
STAU002.0321.00509.C001.PICI.TypeB.variant0002,STAU002.0321.00509.C001.PICI.TypeB.variant0002.Set1,STAU002.0321.00509.C001,Staphylococcus aureus strain BPH2070 isolate BPH2070 chromosome 1.,GCF_900607275.1,"(2164305, 2174804)"
STAU002.0321.00509.C001.PICI.TypeB.variant0002,STAU002.0321.00509.C001.PICI.TypeB.variant0002.Set2,STAU002.0321.00509.C001,Staphylococcus aureus strain BPH2070 isolate BPH2070 chromosome 1.,GCF_900607275.1,"(934240, 946351)"
STAU002.0321.00510.C001.PICI.TypeB.variant0002,STAU002.0321.00510.C001.PICI.TypeB.variant0002.Set1,STAU002.0321.00510.C001,Staphylococcus aureus isolate BPH3244 chromosome 1.,GCF_900607285.1,"(905796, 917906)"
STAU002.0321.00510.C001.PICI.TypeB.variant0002,STAU002.0321.00510.C001.PICI.TypeB.variant0002.Set2,STAU002.0321.00510.C001,Staphylococcus aureus isolate BPH3244 chromosome 1.,GCF_900607285.1,"(856645, 867014)"
STAU002.0321.00511.C001.PICI.TypeB.variant0002,STAU002.0321.00511.C001.PICI.TypeB.variant0002.Set1,STAU002.0321.00511.C001,Staphylococcus aureus isolate BPH2869 chromosome 1.,GCF_900607295.1,"(393512, 404037)"
STAU002.0321.00511.C001.PICI.TypeB.variant0002,STAU002.0321.00511.C001.PICI.TypeB.variant0002.Set3,STAU002.0321.00511.C001,Staphylococcus aureus isolate BPH2869 chromosome 1.,GCF_900607295.1,"(870727, 881095)"
STAU002.0321.00524.C001.PICI.TypeB.variant0002,STAU002.0321.00524.C001.PICI.TypeB.variant0002.Set1,STAU002.0321.00524.C001,"Staphylococcus aureus strain NCTC11965 chromosome 1, complete sequence.",GCF_900635335.1,"(358459, 369321)"
STAU002.0321.00524.C001.PICI.TypeB.variant0002,STAU002.0321.00524.C001.PICI.TypeB.variant0002.Set4,STAU002.0321.00524.C001,"Staphylococcus aureus strain NCTC11965 chromosome 1, complete sequence.",GCF_900635335.1,"(2097959, 2108752)"
STAU002.0321.00529.C001.PICI.TypeB.variant0002,STAU002.0321.00529.C001.PICI.TypeB.variant0002.Set1,STAU002.0321.00529.C001,"Staphylococcus aureus strain NCTC13811 chromosome 1, complete sequence.",GCF_900637155.1,"(61720, 72583)"
STAU002.0321.00529.C001.PICI.TypeB.variant0002,STAU002.0321.00529.C001.PICI.TypeB.variant0002.Set3,STAU002.0321.00529.C001,"Staphylococcus aureus strain NCTC13811 chromosome 1, complete sequence.",GCF_900637155.1,"(1892473, 1903266)"
STAU002.0321.00530.C001.PICI.TypeB.variant0002,STAU002.0321.00530.C001.PICI.TypeB.variant0002.Set1,STAU002.0321.00530.C001,"Staphylococcus aureus isolate P3.1 chromosome 1, complete sequence.",GCF_903932595.1,"(1254098, 1266054)"
STAU002.0321.00530.C001.PICI.TypeB.variant0002,STAU002.0321.00530.C001.PICI.TypeB.variant0002.Set2,STAU002.0321.00530.C001,"Staphylococcus aureus isolate P3.1 chromosome 1, complete sequence.",GCF_903932595.1,"(1748459, 1759321)"
STAU002.0321.00530.C001.PICI.TypeB.variant0002,STAU002.0321.00530.C001.PICI.TypeB.variant0002.Set3,STAU002.0321.00530.C001,"Staphylococcus aureus isolate P3.1 chromosome 1, complete sequence.",GCF_903932595.1,"(1299042, 1309124)"
STAU002.0321.00531.C001.PICI.TypeB.variant0002,STAU002.0321.00531.C001.PICI.TypeB.variant0002.Set1,STAU002.0321.00531.C001,"Staphylococcus aureus isolate HU-14 chromosome 1, complete sequence.",GCF_903932605.1,"(1749794, 1760656)"
STAU002.0321.00531.C001.PICI.TypeB.variant0002,STAU002.0321.00531.C001.PICI.TypeB.variant0002.Set2,STAU002.0321.00531.C001,"Staphylococcus aureus isolate HU-14 chromosome 1, complete sequence.",GCF_903932605.1,"(1255433, 1267389)"
STAU002.0321.00531.C001.PICI.TypeB.variant0002,STAU002.0321.00531.C001.PICI.TypeB.variant0002.Set3,STAU002.0321.00531.C001,"Staphylococcus aureus isolate HU-14 chromosome 1, complete sequence.",GCF_903932605.1,"(1300377, 1310459)"
STAU002.0321.00535.C001.PICI.TypeB.variant0002,STAU002.0321.00535.C001.PICI.TypeB.variant0002.Set1,STAU002.0321.00535.C001,"Staphylococcus aureus subsp. aureus Mu50, complete sequence.",GCF_000009665.1,"(868462, 878612)"
STAU002.0321.00535.C001.PICI.TypeB.variant0002,STAU002.0321.00535.C001.PICI.TypeB.variant0002.Set3,STAU002.0321.00535.C001,"Staphylococcus aureus subsp. aureus Mu50, complete sequence.",GCF_000009665.1,"(2138368, 2148702)"
STAU002.0321.00543.C001.PICI.TypeB.variant0002,STAU002.0321.00543.C001.PICI.TypeB.variant0002.Set1,STAU002.0321.00543.C001,"Staphylococcus aureus subsp. aureus Mu3, complete sequence.",GCF_000010445.1,"(869907, 880057)"
STAU002.0321.00543.C001.PICI.TypeB.variant0002,STAU002.0321.00543.C001.PICI.TypeB.variant0002.Set3,STAU002.0321.00543.C001,"Staphylococcus aureus subsp. aureus Mu3, complete sequence.",GCF_000010445.1,"(2139992, 2150340)"
STAU002.0321.00549.C001.PICI.TypeB.variant0002,STAU002.0321.00549.C001.PICI.TypeB.variant0002.Set1,STAU002.0321.00549.C001,"Staphylococcus aureus subsp. aureus str. JKD6008, complete sequence.",GCF_000145595.1,"(904438, 916548)"
STAU002.0321.00549.C001.PICI.TypeB.variant0002,STAU002.0321.00549.C001.PICI.TypeB.variant0002.Set2,STAU002.0321.00549.C001,"Staphylococcus aureus subsp. aureus str. JKD6008, complete sequence.",GCF_000145595.1,"(391631, 402156)"
STAU002.0321.00561.C001.PICI.TypeB.variant0002,STAU002.0321.00561.C001.PICI.TypeB.variant0002.Set2,STAU002.0321.00561.C001,"Staphylococcus aureus subsp. aureus T0131, complete sequence.",GCF_000204665.1,"(2117350, 2134114)"
STAU002.0321.00561.C001.PICI.TypeB.variant0002,STAU002.0321.00561.C001.PICI.TypeB.variant0002.Set3,STAU002.0321.00561.C001,"Staphylococcus aureus subsp. aureus T0131, complete sequence.",GCF_000204665.1,"(387681, 398260)"
STCA006.0321.00002.C001.PICI.TypeB.variant0002,STCA006.0321.00002.C001.PICI.TypeB.variant0002.Set1,STCA006.0321.00002.C001,"Staphylococcus caprae strain JMUB590 chromosome, complete genome.",GCF_003966605.1,"(987401, 998102)"
STCA006.0321.00002.C001.PICI.TypeB.variant0002,STCA006.0321.00002.C001.PICI.TypeB.variant0002.Set2,STCA006.0321.00002.C001,"Staphylococcus caprae strain JMUB590 chromosome, complete genome.",GCF_003966605.1,"(2565082, 2577204)"
STCO003.0321.00002.C001.PICI.TypeB.variant0002,STCO003.0321.00002.C001.PICI.TypeB.variant0002.Set1,STCO003.0321.00002.C001,"Staphylococcus cohnii strain FDAARGOS_538 chromosome, complete genome.",GCF_003956025.1,"(539463, 549276)"
STCO003.0321.00002.C001.PICI.TypeB.variant0002,STCO003.0321.00002.C001.PICI.TypeB.variant0002.Set2,STCO003.0321.00002.C001,"Staphylococcus cohnii strain FDAARGOS_538 chromosome, complete genome.",GCF_003956025.1,"(506800, 518330)"
STLU004.0321.00001.C001.PICI.TypeB.variant0002,STLU004.0321.00001.C001.PICI.TypeB.variant0002.Set1,STLU004.0321.00001.C001,"Staphylococcus lugdunensis strain FDAARGOS_141 chromosome, complete genome.",GCF_001558775.1,"(1363569, 1373889)"
STLU004.0321.00001.C001.PICI.TypeB.variant0002,STLU004.0321.00001.C001.PICI.TypeB.variant0002.Set2,STLU004.0321.00001.C001,"Staphylococcus lugdunensis strain FDAARGOS_141 chromosome, complete genome.",GCF_001558775.1,"(2448896, 2458211)"
STLU004.0321.00004.C001.PICI.TypeB.variant0002,STLU004.0321.00004.C001.PICI.TypeB.variant0002.Set1,STLU004.0321.00004.C001,"Staphylococcus lugdunensis strain K93G, complete genome.",GCF_002250095.2,"(2519008, 2529327)"
STLU004.0321.00004.C001.PICI.TypeB.variant0002,STLU004.0321.00004.C001.PICI.TypeB.variant0002.Set2,STLU004.0321.00004.C001,"Staphylococcus lugdunensis strain K93G, complete genome.",GCF_002250095.2,"(1021354, 1030669)"
STLU004.0321.00005.C001.PICI.TypeB.variant0002,STLU004.0321.00005.C001.PICI.TypeB.variant0002.Set1,STLU004.0321.00005.C001,"Staphylococcus lugdunensis strain FDAARGOS_377 chromosome, complete genome.",GCF_002407165.1,"(1933669, 1943988)"
STLU004.0321.00005.C001.PICI.TypeB.variant0002,STLU004.0321.00005.C001.PICI.TypeB.variant0002.Set2,STLU004.0321.00005.C001,"Staphylococcus lugdunensis strain FDAARGOS_377 chromosome, complete genome.",GCF_002407165.1,"(447182, 456497)"
STLU004.0321.00006.C001.PICI.TypeB.variant0002,STLU004.0321.00006.C001.PICI.TypeB.variant0002.Set1,STLU004.0321.00006.C001,"Staphylococcus lugdunensis strain FDAARGOS_381 chromosome, complete genome.",GCF_002591215.1,"(2445041, 2454356)"
STLU004.0321.00006.C001.PICI.TypeB.variant0002,STLU004.0321.00006.C001.PICI.TypeB.variant0002.Set2,STLU004.0321.00006.C001,"Staphylococcus lugdunensis strain FDAARGOS_381 chromosome, complete genome.",GCF_002591215.1,"(1370518, 1380838)"
STLU004.0321.00010.C001.PICI.TypeB.variant0002,STLU004.0321.00010.C001.PICI.TypeB.variant0002.Set1,STLU004.0321.00010.C001,"Staphylococcus lugdunensis strain SL118 chromosome, complete genome.",GCF_008728775.1,"(598045, 608514)"
STLU004.0321.00010.C001.PICI.TypeB.variant0002,STLU004.0321.00010.C001.PICI.TypeB.variant0002.Set2,STLU004.0321.00010.C001,"Staphylococcus lugdunensis strain SL118 chromosome, complete genome.",GCF_008728775.1,"(2115087, 2125784)"
STLU004.0321.00012.C001.PICI.TypeB.variant0002,STLU004.0321.00012.C001.PICI.TypeB.variant0002.Set1,STLU004.0321.00012.C001,"Staphylococcus lugdunensis strain SL13 chromosome, complete genome.",GCF_008728815.1,"(2349750, 2360341)"
STLU004.0321.00012.C001.PICI.TypeB.variant0002,STLU004.0321.00012.C001.PICI.TypeB.variant0002.Set2,STLU004.0321.00012.C001,"Staphylococcus lugdunensis strain SL13 chromosome, complete genome.",GCF_008728815.1,"(1292672, 1302425)"
STLU004.0321.00013.C001.PICI.TypeB.variant0002,STLU004.0321.00013.C001.PICI.TypeB.variant0002.Set1,STLU004.0321.00013.C001,"Staphylococcus lugdunensis strain APC 3758 chromosome, complete genome.",GCF_009931395.1,"(2423961, 2433276)"
STLU004.0321.00013.C001.PICI.TypeB.variant0002,STLU004.0321.00013.C001.PICI.TypeB.variant0002.Set2,STLU004.0321.00013.C001,"Staphylococcus lugdunensis strain APC 3758 chromosome, complete genome.",GCF_009931395.1,"(937153, 947473)"
STLU004.0321.00014.C001.PICI.TypeB.variant0002,STLU004.0321.00014.C001.PICI.TypeB.variant0002.Set1,STLU004.0321.00014.C001,"Staphylococcus lugdunensis strain JICS135 chromosome, complete genome.",GCF_011403135.1,"(2621293, 2631612)"
STLU004.0321.00014.C001.PICI.TypeB.variant0002,STLU004.0321.00014.C001.PICI.TypeB.variant0002.Set2,STLU004.0321.00014.C001,"Staphylococcus lugdunensis strain JICS135 chromosome, complete genome.",GCF_011403135.1,"(1122237, 1131552)"
STLU004.0321.00016.C001.PICI.TypeB.variant0002,STLU004.0321.00016.C001.PICI.TypeB.variant0002.Set1,STLU004.0321.00016.C001,"Staphylococcus lugdunensis strain MBAZ2 chromosome, complete genome.",GCF_016804245.1,"(2541009, 2551329)"
STLU004.0321.00016.C001.PICI.TypeB.variant0002,STLU004.0321.00016.C001.PICI.TypeB.variant0002.Set2,STLU004.0321.00016.C001,"Staphylococcus lugdunensis strain MBAZ2 chromosome, complete genome.",GCF_016804245.1,"(1011277, 1020592)"
STSA003.0321.00010.C001.PICI.TypeB.variant0002,STSA003.0321.00010.C001.PICI.TypeB.variant0002.Set1,STSA003.0321.00010.C001,"Staphylococcus saprophyticus strain UTI-050 chromosome, complete genome.",GCF_013343055.1,"(2078689, 2088795)"
STSA003.0321.00010.C001.PICI.TypeB.variant0002,STSA003.0321.00010.C001.PICI.TypeB.variant0002.Set2,STSA003.0321.00010.C001,"Staphylococcus saprophyticus strain UTI-050 chromosome, complete genome.",GCF_013343055.1,"(2046160, 2055204)"
STSA003.0321.00010.C001.PICI.TypeB.variant0002,STSA003.0321.00010.C001.PICI.TypeB.variant0002.Set3,STSA003.0321.00010.C001,"Staphylococcus saprophyticus strain UTI-050 chromosome, complete genome.",GCF_013343055.1,"(875245, 884899)"
STSP040.0321.00001.C001.PICI.TypeB.variant0002,STSP040.0321.00001.C001.PICI.TypeB.variant0002.Set1,STSP040.0321.00001.C001,"Staphylococcus sp. M0911 chromosome, complete genome.",GCF_003491325.1,"(1923927, 1938673)"
STSP040.0321.00001.C001.PICI.TypeB.variant0002,STSP040.0321.00001.C001.PICI.TypeB.variant0002.Set2,STSP040.0321.00001.C001,"Staphylococcus sp. M0911 chromosome, complete genome.",GCF_003491325.1,"(2363841, 2374749)"
